timestamp,src_ip,dst_ip,bytes_sent
2026-02-02T03:56:21.907561+00:00Z,10.0.1.48,10.0.2.37,1528
2026-02-02T03:56:22.907561+00:00Z,10.0.1.47,10.0.2.39,1206
2026-02-02T03:56:23.907561+00:00Z,10.0.1.18,10.0.2.18,1094
2026-02-02T03:56:24.907561+00:00Z,10.0.1.34,10.0.2.39,430
2026-02-02T03:56:25.907561+00:00Z,10.0.1.45,10.0.2.10,1318
2026-02-02T03:56:26.907561+00:00Z,10.0.1.14,10.0.2.44,1423
2026-02-02T03:56:27.907561+00:00Z,10.0.1.50,10.0.2.22,361
2026-02-02T03:56:28.907561+00:00Z,10.0.1.21,10.0.2.28,414
2026-02-02T03:56:29.907561+00:00Z,10.0.1.29,10.0.2.39,654
2026-02-02T03:56:30.907561+00:00Z,10.0.1.47,10.0.2.33,1865
2026-02-02T03:56:31.907561+00:00Z,10.0.1.44,10.0.2.18,1579
2026-02-02T03:56:32.907561+00:00Z,10.0.1.28,10.0.2.12,1089
2026-02-02T03:56:33.907561+00:00Z,10.0.1.40,10.0.2.19,1820
2026-02-02T03:56:34.907561+00:00Z,10.0.1.34,10.0.2.46,357
2026-02-02T03:56:35.907561+00:00Z,10.0.1.40,10.0.2.18,1407
2026-02-02T03:56:36.907561+00:00Z,10.0.1.36,10.0.2.36,1922
2026-02-02T03:56:37.907561+00:00Z,10.0.1.15,10.0.2.29,1611
2026-02-02T03:56:38.907561+00:00Z,10.0.1.13,10.0.2.11,471
2026-02-02T03:56:39.907561+00:00Z,10.0.1.20,10.0.2.43,1705
2026-02-02T03:56:40.907561+00:00Z,10.0.1.47,10.0.2.24,706
2026-02-02T03:56:41.907561+00:00Z,10.0.1.20,10.0.2.50,1716
2026-02-02T03:56:42.907561+00:00Z,10.0.1.41,10.0.2.33,1258
2026-02-02T03:56:43.907561+00:00Z,10.0.1.27,10.0.2.27,588
2026-02-02T03:56:44.907561+00:00Z,10.0.1.17,10.0.2.20,1860
2026-02-02T03:56:45.907561+00:00Z,10.0.1.35,10.0.2.45,398
2026-02-02T03:56:46.907561+00:00Z,10.0.1.25,10.0.2.26,315
2026-02-02T03:56:47.907561+00:00Z,10.0.1.19,10.0.2.47,206
2026-02-02T03:56:48.907561+00:00Z,10.0.1.17,10.0.2.19,628
2026-02-02T03:56:49.907561+00:00Z,10.0.1.30,10.0.2.15,235
2026-02-02T03:56:50.907561+00:00Z,10.0.1.46,10.0.2.20,1333
2026-02-02T03:56:51.907561+00:00Z,10.0.1.49,10.0.2.42,323
2026-02-02T03:56:52.907561+00:00Z,10.0.1.35,10.0.2.44,1208
2026-02-02T03:56:53.907561+00:00Z,10.0.1.42,10.0.2.40,984
2026-02-02T03:56:54.907561+00:00Z,10.0.1.29,10.0.2.27,1664
2026-02-02T03:56:55.907561+00:00Z,10.0.1.46,10.0.2.22,1574
2026-02-02T03:56:56.907561+00:00Z,10.0.1.21,10.0.2.11,1777
2026-02-02T03:56:57.907561+00:00Z,10.0.1.21,10.0.2.13,1759
2026-02-02T03:56:58.907561+00:00Z,10.0.1.26,10.0.2.12,590
2026-02-02T03:56:59.907561+00:00Z,10.0.1.41,10.0.2.16,1386
2026-02-02T03:57:00.907561+00:00Z,10.0.1.31,10.0.2.28,1763
2026-02-02T03:57:01.907561+00:00Z,10.0.1.49,10.0.2.47,1054
2026-02-02T03:57:02.907561+00:00Z,10.0.1.31,10.0.2.22,1771
2026-02-02T03:57:03.907561+00:00Z,10.0.1.18,10.0.2.41,1827
2026-02-02T03:57:04.907561+00:00Z,10.0.1.38,10.0.2.38,1820
2026-02-02T03:57:05.907561+00:00Z,10.0.1.39,10.0.2.31,566
2026-02-02T03:57:06.907561+00:00Z,10.0.1.18,10.0.2.12,1913
2026-02-02T03:57:07.907561+00:00Z,10.0.1.25,10.0.2.47,367
2026-02-02T03:57:08.907561+00:00Z,10.0.1.15,10.0.2.45,336
2026-02-02T03:57:09.907561+00:00Z,10.0.1.34,10.0.2.22,877
2026-02-02T03:57:10.907561+00:00Z,10.0.1.27,10.0.2.44,1700
2026-02-02T03:57:11.907561+00:00Z,10.0.1.12,10.0.2.20,1430
2026-02-02T03:57:12.907561+00:00Z,10.0.1.16,10.0.2.14,1962
2026-02-02T03:57:13.907561+00:00Z,10.0.1.13,10.0.2.32,524
2026-02-02T03:57:14.907561+00:00Z,10.0.1.22,10.0.2.37,1419
2026-02-02T03:57:15.907561+00:00Z,10.0.1.38,10.0.2.46,1913
2026-02-02T03:57:16.907561+00:00Z,10.0.1.47,10.0.2.19,618
2026-02-02T03:57:17.907561+00:00Z,10.0.1.27,10.0.2.18,1925
2026-02-02T03:57:18.907561+00:00Z,10.0.1.40,10.0.2.21,459
2026-02-02T03:57:19.907561+00:00Z,10.0.1.11,10.0.2.46,205
2026-02-02T03:57:20.907561+00:00Z,10.0.1.10,10.0.2.45,1539
2026-02-02T03:57:21.907561+00:00Z,10.0.1.43,10.0.2.36,683
2026-02-02T03:57:22.907561+00:00Z,10.0.1.45,10.0.2.13,1237
2026-02-02T03:57:23.907561+00:00Z,10.0.1.49,10.0.2.40,328
2026-02-02T03:57:24.907561+00:00Z,10.0.1.24,10.0.2.44,1373
2026-02-02T03:57:25.907561+00:00Z,10.0.1.37,10.0.2.45,1087
2026-02-02T03:57:26.907561+00:00Z,10.0.1.30,10.0.2.19,755
2026-02-02T03:57:27.907561+00:00Z,10.0.1.47,10.0.2.46,855
2026-02-02T03:57:28.907561+00:00Z,10.0.1.45,10.0.2.17,809
2026-02-02T03:57:29.907561+00:00Z,10.0.1.49,10.0.2.22,1602
2026-02-02T03:57:30.907561+00:00Z,10.0.1.22,10.0.2.42,796
2026-02-02T03:57:31.907561+00:00Z,10.0.1.47,10.0.2.32,587
2026-02-02T03:57:32.907561+00:00Z,10.0.1.24,10.0.2.17,761
2026-02-02T03:57:33.907561+00:00Z,10.0.1.39,10.0.2.11,1835
2026-02-02T03:57:34.907561+00:00Z,10.0.1.48,10.0.2.49,599
2026-02-02T03:57:35.907561+00:00Z,10.0.1.12,10.0.2.47,793
2026-02-02T03:57:36.907561+00:00Z,10.0.1.34,10.0.2.44,494
2026-02-02T03:57:37.907561+00:00Z,10.0.1.42,10.0.2.48,1230
2026-02-02T03:57:38.907561+00:00Z,10.0.1.36,10.0.2.18,1623
2026-02-02T03:57:39.907561+00:00Z,10.0.1.17,10.0.2.37,1651
2026-02-02T03:57:40.907561+00:00Z,10.0.1.24,10.0.2.49,406
2026-02-02T04:01:21.907561+00:00Z,185.199.110.194,185.199.110.90,180736
